Sonnleitner Gmbh & Co KG,Sonnleitner Gmbh & Co KG,"Wolfernstrasse 3, 4400 Steyr",tel:+43725277346,Verkauf Neuwagen,Dacia Finance,Gebrauchtwagen,Werkstatt - Mechanik,Spenglerei,Karosserie Schnellservice,Teilelager Ersatzteile,Technische Überprüfung,Tageswagen,Probefahrt
Auto Feitzinger GmbH,Auto Feitzinger GmbH,"Gschwandnerweg 1, 5340 St Gilgen",tel:+4362272160,Verkauf Neuwagen,Dacia Finance,Gebrauchtwagen,Werkstatt - Mechanik,Spenglerei,Teilelager Ersatzteile,Technische Überprüfung,Tageswagen,Probefahrt
Rudolf Neurauter,Rudolf Neurauter,"Staudach 23, 6423 Mötz",tel:+4352636410,Verkauf Neuwagen,Dacia Finance,Gebrauchtwagen,Werkstatt - Mechanik,Spenglerei,Teilelager Ersatzteile,Technische Überprüfung,Tageswagen,Probefahrt
Auto Göschl KG,Auto Göschl KG,"Pantaleoner Strasse 3, 5120 St. Pantaleon",tel:+43627764490,Verkauf Neuwagen,Dacia Finance,Gebrauchtwagen,Werkstatt - Mechanik,Spenglerei,Teilelager Ersatzteile,Technische Überprüfung,Tageswagen,Probefahrt
Auto Strohbichler KG,Auto Strohbichler KG,"Salzburger Strasse 23, 5102 Anthering",tel:+4362232208,Gebrauchtwagen,Werkstatt - Mechanik,Spenglerei,Teilelager Ersatzteile,Technische Überprüfung,Tageswagen
Herbert Peterbauer KG,Herbert Peterbauer KG,"Itzlinger Hauptstrasse 44, 5020 Salzburg",tel:+43662451087,Gebrauchtwagen,Werkstatt - Mechanik,Spenglerei,Teilelager Ersatzteile,Technische Überprüfung
Hermann Bruckschlögl GMBH,Hermann Bruckschlögl GMBH,"Rosenkranzgasse 3, 4820 Bad Ischl",tel:+43613225566,Verkauf Neuwagen,Dacia Finance,Gebrauchtwagen,Werkstatt - Mechanik,Spenglerei,Teilelager Ersatzteile,Technische Überprüfung,Tageswagen,Probefahrt
Weiermeier GmbH,Weiermeier GmbH,"Jageredtstrasse 17, 4542 Nussbach",tel:+4375878519,Verkauf Neuwagen,Dacia Finance,Gebrauchtwagen,Werkstatt - Mechanik,Spenglerei,Karosserie Schnellservice,Teilelager Ersatzteile,Technische Überprüfung,Tageswagen,Probefahrt
Spatt GmbH,Spatt GmbH,"Weinzierler Brücke 73, 4563 Micheldorf",tel:07582/60233,Verkauf Neuwagen,Dacia Finance,Gebrauchtwagen,Werkstatt - Mechanik,Spenglerei,Teilelager Ersatzteile,Technische Überprüfung,Tageswagen,Probefahrt
Auto-Grabner GmbH,Auto-Grabner GmbH,"Umfahrung Süd 6, 4150 Rohrbach/Oepping",tel:+43728920980,Verkauf Neuwagen,Dacia Finance,Gebrauchtwagen,Werkstatt - Mechanik,Spenglerei,Teilelager Ersatzteile,Technische Überprüfung,Tageswagen,Probefahrt
Autohaus Schiffner GmbH,Autohaus Schiffner GmbH,"Grundlseer Straße 63, 8990 Bad Aussee",tel:+43362252223,Verkauf Neuwagen,Dacia Finance,Gebrauchtwagen,Werkstatt - Mechanik,Spenglerei,Teilelager Ersatzteile,Technische Überprüfung,Tageswagen,Probefahrt
Krendel Ges.m.b.H.,Krendel Ges.m.b.H.,"Markt 39, 4161 Ulrichsberg",tel:+4372882215,Verkauf Neuwagen,Dacia Finance,Gebrauchtwagen,Werkstatt - Mechanik,Spenglerei,Teilelager Ersatzteile,Technische Überprüfung,Tageswagen,Probefahrt
Zemsauer e.U.,Zemsauer e.U.,"Schweizersberg 150, 4575 Roßleithen",tel:+4375627509,Verkauf Neuwagen,Dacia Finance,Gebrauchtwagen,Werkstatt - Mechanik,Spenglerei,Teilelager Ersatzteile,Technische Überprüfung,Tageswagen,Probefahrt
Autohaus Günter Braher Gmbh,Autohaus Günter Braher Gmbh,"Daimler Strasse 1, 4310 Mauthausen",tel:+437238/42930,Verkauf Neuwagen,Dacia Finance,Gebrauchtwagen,Werkstatt - Mechanik,Spenglerei,Teilelager Ersatzteile,Technische Überprüfung,Tageswagen,Probefahrt
Kastler GesmbH,Kastler GesmbH,"Linzerstrasse 67, 4240 Freistadt",tel:+43794274229,Verkauf Neuwagen,Dacia Finance,Gebrauchtwagen,Werkstatt - Mechanik,Spenglerei,Teilelager Ersatzteile,Technische Überprüfung,Tageswagen,Probefahrt
Promberger Autoreparatur OG,Promberger Autoreparatur OG,"Stoderstrasse 181, 8962 Gröbming",tel:0368523675,Verkauf Neuwagen,Dacia Finance,Gebrauchtwagen,Werkstatt - Mechanik,Spenglerei,Teilelager Ersatzteile,Technische Überprüfung,Tageswagen,Probefahrt
Vogl & Co. Gesellschaft m.b.H.,Vogl & Co. Gesellschaft m.b.H.,"Salzburger Strasse 48-50, 8940 Liezen",tel:+43361225260,Verkauf Neuwagen,Dacia Finance,Gebrauchtwagen,Werkstatt - Mechanik,Spenglerei,Teilelager Ersatzteile,Technische Überprüfung,Tageswagen,Probefahrt
Fritsch Wilhelm,Fritsch Wilhelm,"Waidhofner Strasse 13, 3353 Seitenstetten",tel:+43747742246,Verkauf Neuwagen,Dacia Finance,Gebrauchtwagen,Werkstatt - Mechanik,Spenglerei,Teilelager Ersatzteile,Technische Überprüfung,Tageswagen,Probefahrt
Auto Pirnbacher GmbH,Auto Pirnbacher GmbH,"Bundesstrasse 22, 5600 St. Johann im Pongau",tel:+4364126465,Verkauf Neuwagen,Dacia Finance,Gebrauchtwagen,Werkstatt - Mechanik,Spenglerei,Teilelager Ersatzteile,Technische Überprüfung,Tageswagen,Probefahrt
Autohaus Zehentner GmbH,Autohaus Zehentner GmbH,"Zellerstr. 48, 5760 Saalfelden",tel:+4365827566677,Verkauf Neuwagen,Dacia Finance,Gebrauchtwagen,Werkstatt - Mechanik,Spenglerei,Teilelager Ersatzteile,Technische Überprüfung,Tageswagen,Probefahrt
Rudolf Schnabel,Rudolf Schnabel,"Markt 2, 3321 Ardagger Markt",tel:+4374797253,Verkauf Neuwagen,Dacia Finance,Gebrauchtwagen,Werkstatt - Mechanik,Spenglerei,Teilelager Ersatzteile,Technische Überprüfung,Tageswagen,Probefahrt
Wolfgang Schiebel GmbH,Wolfgang Schiebel GmbH,"Erhard Wild-Platz 1-3, 3340 Waidhofen/Ybbs",tel:+43744252994,Verkauf Neuwagen,Dacia Finance,Gebrauchtwagen,Werkstatt - Mechanik,Spenglerei,Teilelager Ersatzteile,Technische Überprüfung,Tageswagen,Probefahrt
Emmerich Pfeiler KG,Emmerich Pfeiler KG,"Moosbach 15, 6392 St. Jakob/Haus",tel:+43535456259,Verkauf Neuwagen,Gebrauchtwagen,Werkstatt - Mechanik,Spenglerei,Teilelager Ersatzteile,Technische Überprüfung,Tageswagen,Probefahrt
Fritz Reiter GmbH & Co KG,Fritz Reiter GmbH & Co KG,"Fieberbrunner Strasse 35, 6380 St. Johann/Tirol",tel:+43535262417,Verkauf Neuwagen,Dacia Finance,Gebrauchtwagen,Werkstatt - Mechanik,Spenglerei,Teilelager Ersatzteile,Technische Überprüfung,Tageswagen,Probefahrt
Auto Huber GmbH,Auto Huber GmbH,"Bundesstrasse 191, 8783 Gaishorn/See",tel:+4336172247,Verkauf Neuwagen,Dacia Finance,Gebrauchtwagen,Werkstatt - Mechanik,Spenglerei,Teilelager Ersatzteile,Technische Überprüfung,Tageswagen,Probefahrt
Autohaus Lumplecker GmbH,Autohaus Lumplecker GmbH,"Hauptstraße 53, 8920 Hieflau",tel:+433634260,Verkauf Neuwagen,Dacia Finance,Gebrauchtwagen,Werkstatt - Mechanik,Spenglerei,Teilelager Ersatzteile,Technische Überprüfung,Tageswagen,Probefahrt
Jürgen Huber,Jürgen Huber,"Stixenlehen 49, 3345 Göstling",tel:+4374842400,Verkauf Neuwagen,Dacia Finance,Gebrauchtwagen,Werkstatt - Mechanik,Spenglerei,Teilelager Ersatzteile,Technische Überprüfung,Tageswagen,Probefahrt
KFZ-Fachbetrieb Peter Wolf,KFZ-Fachbetrieb Peter Wolf,"Blaiken 74, 6351 Scheffau",tel:+4353588106,Gebrauchtwagen,Werkstatt - Mechanik,Spenglerei,Teilelager Ersatzteile,Technische Überprüfung,Tageswagen
Günter Langebner GmbH Kufstein,Günter Langebner GmbH,"Innsbrucker Strasse 63, 6300 Wörgl",tel:+43533272578,Verkauf Neuwagen,Dacia Finance,Gebrauchtwagen,Werkstatt - Mechanik,Spenglerei,Teilelager Ersatzteile,Technische Überprüfung,Tageswagen,Probefahrt
Autohaus Yspertal GmbH,Autohaus Yspertal GmbH,"Hauptstrasse 66, 3683 Yspertal",tel:+4374157243,Verkauf Neuwagen,Dacia Finance,Gebrauchtwagen,Werkstatt - Mechanik,Spenglerei,Teilelager Ersatzteile,Technische Überprüfung,Tageswagen,Probefahrt
Autohaus Süss Peter Schreilechner,Autohaus Süss Peter Schreilechner,"Murtalstrasse 247/2, 5582 St. Michael/Lungau",tel:+4364778279,Verkauf Neuwagen,Dacia Finance,Gebrauchtwagen,Werkstatt - Mechanik,Spenglerei,Teilelager Ersatzteile,Technische Überprüfung,Tageswagen,Probefahrt
Autohaus Ziepl KG,Autohaus Ziepl KG,"Brixentaler Straße 1, 6364 Brixen/Thale",tel:+435334676711,Verkauf Neuwagen,Dacia Finance,Gebrauchtwagen,Werkstatt - Mechanik,Spenglerei,Teilelager Ersatzteile,Technische Überprüfung,Tageswagen,Probefahrt
Autohaus Obrist Gmbh&Co KG,Autohaus Obrist Gmbh&Co KG,"Zellerstrasse 12, 5730 Mittersill",tel:+436562/4102,Verkauf Neuwagen,Dacia Finance,Gebrauchtwagen,Werkstatt - Mechanik,Spenglerei,Teilelager Ersatzteile,Technische Überprüfung,Tageswagen,Probefahrt
Autohaus Gastecker GmbH,Autohaus Gastecker GmbH,"Neubaugasse 2, 3250 Wieselburg",tel:+43741652271,Verkauf Neuwagen,Dacia Finance,Gebrauchtwagen,Werkstatt - Mechanik,Spenglerei,Teilelager Ersatzteile,Technische Überprüfung,Tageswagen,Probefahrt
Günter Langebner GmbH,Günter Langebner GmbH,"Innsbrucker Strasse 63, 6300 Wörgl",tel:+43533272578,Verkauf Neuwagen,Dacia Finance,Gebrauchtwagen,Werkstatt - Mechanik,Spenglerei,Teilelager Ersatzteile,Technische Überprüfung,Tageswagen,Probefahrt
Pichler Franz GmbH,Pichler Franz GmbH,"Kaertner Strasse 3, 8811 Scheifling",tel:+4335822331,Gebrauchtwagen,Werkstatt - Mechanik,Spenglerei,Teilelager Ersatzteile,Technische Überprüfung
Autohaus Kolm Gmbh,Autohaus Kolm Gmbh,"Weitraerstrasse 36, 3910 Zwettl",tel:02822/5228413,Verkauf Neuwagen,Dacia Finance,Gebrauchtwagen,Werkstatt - Mechanik,Spenglerei,Teilelager Ersatzteile,Technische Überprüfung,Tageswagen,Probefahrt
Hörmann GmbH,Hörmann GmbH,"Schremser Straße 69 Kleinpertholz, 3860 Heidenreichstein",tel:+43286252382,Verkauf Neuwagen,Dacia Finance,Gebrauchtwagen,Werkstatt - Mechanik,Spenglerei,Teilelager Ersatzteile,Technische Überprüfung,Tageswagen,Probefahrt
Vogl & Co Ges.m.b.H.,Vogl & Co Ges.m.b.H.,"Wiener Strasse 40, 8720 Knittelfeld",tel:+43351282789,Verkauf Neuwagen,Dacia Finance,Gebrauchtwagen,Werkstatt - Mechanik,Spenglerei,Teilelager Ersatzteile,Technische Überprüfung,Tageswagen,Probefahrt
Hannes Pacher,Hannes Pacher,"Drautalstrasse 9, 9813 Möllbrücke",tel:+4347692363,Verkauf Neuwagen,Dacia Finance,Gebrauchtwagen,Werkstatt - Mechanik,Spenglerei,Teilelager Ersatzteile,Technische Überprüfung,Tageswagen,Probefahrt
Vogl & Co Niklasdorf GmbH,Vogl & Co Niklasdorf GmbH,"Leobnerstraße 96, 8712 Niklasdorf",tel:+43384281775,Verkauf Neuwagen,Dacia Finance,Gebrauchtwagen,Werkstatt - Mechanik,Spenglerei,Teilelager Ersatzteile,Technische Überprüfung,Tageswagen,Probefahrt
Autohaus Luxner GmbH,Autohaus Luxner GmbH,"Nr. 96, 6261 Straß/Zillertal",tel:+43524462150,Verkauf Neuwagen,Dacia Finance,Gebrauchtwagen,Werkstatt - Mechanik,Spenglerei,Teilelager Ersatzteile,Technische Überprüfung,Tageswagen,Probefahrt
AH Waidhofen/Thaya RLH reg.GenmbH,AH Waidhofen/Thaya RLH reg.GenmbH,"Raiffeisenstrasse 10, 3830 Waidhofen/Thaya",tel:+43284252535,Verkauf Neuwagen,Dacia Finance,Gebrauchtwagen,Werkstatt - Mechanik,Spenglerei,Teilelager Ersatzteile,Technische Überprüfung,Tageswagen,Probefahrt
Autohaus Tuppinger GmbH,Autohaus Tuppinger GmbH,"Industriestrasse 13, 9800 Spittal an der Drau",tel:+4347623243,Verkauf Neuwagen,Dacia Finance,Gebrauchtwagen,Werkstatt - Mechanik,Spenglerei,Teilelager Ersatzteile,Technische Überprüfung,Tageswagen,Probefahrt
Lesiak Inhaber Kilian Immler e.U.,Lesiak Inhaber Kilian Immler e.U.,"Kotting 21, 3200 Obergrafendorf",tel:+4327478552,Verkauf Neuwagen,Gebrauchtwagen,Werkstatt - Mechanik,Spenglerei,Teilelager Ersatzteile,Technische Überprüfung,Probefahrt
Autohaus Steinwender GmbH,Autohaus Steinwender GmbH,"Kaindorf 66, 9345 Weitensfeld",tel:+434265335,Verkauf Neuwagen,Dacia Finance,Gebrauchtwagen,Werkstatt - Mechanik,Spenglerei,Teilelager Ersatzteile,Technische Überprüfung,Tageswagen,Probefahrt
Autohaus Robert Bezovnik GmbH,Autohaus Robert Bezovnik GmbH,"Wiener Strasse 27, 8600 Bruck/Mur",tel:+43386253486,Verkauf Neuwagen,Dacia Finance,Gebrauchtwagen,Werkstatt - Mechanik,Spenglerei,Teilelager Ersatzteile,Technische Überprüfung,Tageswagen,Probefahrt
Autohaus Plössnig Robert,Autohaus Plössnig Robert,"Reimmichlstrasse 2, 9900 Lienz",tel:+43485263110,Verkauf Neuwagen,Dacia Finance,Gebrauchtwagen,Werkstatt - Mechanik,Spenglerei,Teilelager Ersatzteile,Technische Überprüfung,Tageswagen,Probefahrt
Walter Wesely Ges.m.b.H,,,tel:+43485263110,,,,,,,,,
Werner Kemeter,Werner Kemeter,"Haydngasse 3, 8642 St. Lorenzen/Mürztal",tel:+4338642381,Gebrauchtwagen,Werkstatt - Mechanik,Spenglerei,Teilelager Ersatzteile,Technische Überprüfung,Tageswagen
Mitterbauer-Smola GmbH & Co KG,Mitterbauer-Smola GmbH & Co KG,"Hafenstrasse 67, 3500 Krems",tel:+43273273503,Verkauf Neuwagen,Dacia Finance,Gebrauchtwagen,Werkstatt - Mechanik,Spenglerei,Teilelager Ersatzteile,Technische Überprüfung,Tageswagen,Probefahrt
Autohaus Heimo Ronacher,Autohaus Heimo Ronacher,"Oberboden 7, 9562 Himmelberg",tel:+4342764767,Verkauf Neuwagen,Dacia Finance,Gebrauchtwagen,Werkstatt - Mechanik,Spenglerei,Teilelager Ersatzteile,Technische Überprüfung,Tageswagen,Probefahrt
Autohaus Wechselberger OG,Autohaus Wechselberger OG,"Bundesstraße 4, 6116 Weer",tel:+43522468212,Verkauf Neuwagen,Dacia Finance,Gebrauchtwagen,Werkstatt - Mechanik,Spenglerei,Teilelager Ersatzteile,Technische Überprüfung,Tageswagen,Probefahrt
Kammerhofer GmbH,Kammerhofer GmbH,"Koenigstetter Strasse 163B, 3430 Tulln",tel:+43227262997,Verkauf Neuwagen,Dacia Finance,Gebrauchtwagen,Werkstatt - Mechanik,Spenglerei,Teilelager Ersatzteile,Technische Überprüfung,Tageswagen,Probefahrt
Autohaus Eberhard GmbH,Autohaus Eberhard GmbH,"Völkermarkter Strasse 39, 9300 St. Veit/Glan",tel:+43421245800,Verkauf Neuwagen,Dacia Finance,Gebrauchtwagen,Werkstatt - Mechanik,Spenglerei,Teilelager Ersatzteile,Technische Überprüfung,Tageswagen,Probefahrt
Auto Roth GmbH,Auto Roth GmbH,"Obervellach 50, 9620 Hermagor",tel:+4342822151,Verkauf Neuwagen,Dacia Finance,Gebrauchtwagen,Werkstatt - Mechanik,Spenglerei,Teilelager Ersatzteile,Technische Überprüfung,Tageswagen,Probefahrt
Auto-Pliemitscher GmbH,Auto-Pliemitscher GmbH,"Klagenfurter Straße 6, 9372 Eberstein",tel:+4342643141,Verkauf Neuwagen,Dacia Finance,Gebrauchtwagen,Werkstatt - Mechanik,Spenglerei,Teilelager Ersatzteile,Technische Überprüfung,Tageswagen,Probefahrt
Vogl & Co Mürztal GmbH,Vogl & Co Mürztal GmbH,"Wienerstraße 90, 8665 Langenwang",tel:+43385420960,Verkauf Neuwagen,Dacia Finance,Gebrauchtwagen,Werkstatt - Mechanik,Spenglerei,Teilelager Ersatzteile,Technische Überprüfung,Tageswagen,Probefahrt
Werner Plasounig,Werner Plasounig,"Friedensstrasse 24, 9500 Villach",tel:+43424241455,Verkauf Neuwagen,Dacia Finance,Gebrauchtwagen,Werkstatt - Mechanik,Spenglerei,Teilelager Ersatzteile,Technische Überprüfung,Tageswagen,Probefahrt
Johann Peter Mitterdorfer,Johann Peter Mitterdorfer,"Rodarm 17, 9942 Obertiliach",tel:+4348475273,Verkauf Neuwagen,Dacia Finance,Gebrauchtwagen,Werkstatt - Mechanik,Spenglerei,Teilelager Ersatzteile,Technische Überprüfung,Tageswagen,Probefahrt
Motor-Mayerhofer GmbH,Motor-Mayerhofer GmbH,"GAV Tangente Süd, Triglavstraße 31, 9500 Villach",tel:+43424224867,Verkauf Neuwagen,Dacia Finance,Gebrauchtwagen,Werkstatt - Mechanik,Spenglerei,Karosserie Schnellservice,Teilelager Ersatzteile,Technische Überprüfung,Tageswagen,Probefahrt
Johann Pfeifer,Johann Pfeifer,"Nr. 270, 8152 Stallhofen",tel:+43314225657,Dacia Finance,Gebrauchtwagen,Werkstatt - Mechanik,Spenglerei,Teilelager Ersatzteile,Technische Überprüfung,Tageswagen
Auto Scheer GmbH & Co KG,Auto Scheer GmbH & Co KG,"Am Vorum 4, 8570 Voitsberg",tel:43314222234,Verkauf Neuwagen,Dacia Finance,Gebrauchtwagen,Werkstatt - Mechanik,Spenglerei,Teilelager Ersatzteile,Technische Überprüfung,Tageswagen,Probefahrt
Windisch KG,Windisch KG,"Fladnitz 78, 8163 Fladnitz",tel:+43317923547,Verkauf Neuwagen,Dacia Finance,Gebrauchtwagen,Werkstatt - Mechanik,Spenglerei,Teilelager Ersatzteile,Technische Überprüfung,Tageswagen,Probefahrt
RLH Tulln-Neulengbach eGen,RLH Tulln-Neulengbach eGen,"Umseerstrasse 37, 3040 Neulengbach",tel:0277252524300,Verkauf Neuwagen,Gebrauchtwagen,Werkstatt - Mechanik,Spenglerei,Teilelager Ersatzteile,Technische Überprüfung,Probefahrt
Autohaus Penz e.U.,Autohaus Penz e.U.,"Industriestrasse 28, 9400 Wolfsberg",tel:+43435254595,Verkauf Neuwagen,Dacia Finance,Gebrauchtwagen,Werkstatt - Mechanik,Spenglerei,Teilelager Ersatzteile,Technische Überprüfung,Tageswagen,Probefahrt
Autohaus Dosenberger GmbH & Co KG,Autohaus Dosenberger GmbH & Co KG,"Serlesstrasse 1, 6063 Innsbruck-Rum",tel:+43512261130,Verkauf Neuwagen,Dacia Finance,Gebrauchtwagen,Werkstatt - Mechanik,Spenglerei,Teilelager Ersatzteile,Technische Überprüfung,Tageswagen,Probefahrt
Autohaus Klug GesmbH,Autohaus Klug GesmbH,"Kremser Strasse 2-4, 3470 Kirchberg am Wagram",tel:+4322792287,Verkauf Neuwagen,Dacia Finance,Gebrauchtwagen,Werkstatt - Mechanik,Spenglerei,Teilelager Ersatzteile,Technische Überprüfung,Tageswagen,Probefahrt
Alois Paintner,Alois Paintner,"Villacher Straße 139, 9020 Klagenfurt",tel:+43463261162,Verkauf Neuwagen,Dacia Finance,Gebrauchtwagen,Werkstatt - Mechanik,Spenglerei,Teilelager Ersatzteile,Technische Überprüfung,Tageswagen,Probefahrt
Autohof Handels- und Service GmbH,Autohof Handels- und Service GmbH,"Völkermarkter Strasse 270, 9020 Klagenfurt",tel:+4346337390,Verkauf Neuwagen,Dacia Finance,Gebrauchtwagen,Werkstatt - Mechanik,Spenglerei,Karosserie Schnellservice,Teilelager Ersatzteile,Technische Überprüfung,Tageswagen,Probefahrt
K&P FahrzeughandelsgesmbH,K&P FahrzeughandelsgesmbH,"Flatschacherstrasse 68, 9020 Klagenfurt",tel:+4346333210,Verkauf Neuwagen,Dacia Finance,Gebrauchtwagen,Werkstatt - Mechanik,Spenglerei,Karosserie Schnellservice,Teilelager Ersatzteile,Technische Überprüfung,Tageswagen,Probefahrt
Auto Hietz KG,Auto Hietz KG,"Schneebergstrasse 59, 2734 Puchberg",tel:+4326362267,Verkauf Neuwagen,Dacia Finance,Gebrauchtwagen,Werkstatt - Mechanik,Spenglerei,Teilelager Ersatzteile,Technische Überprüfung,Tageswagen,Probefahrt
Vogl Auto-Nord Gesellschaft m.b.H.,Vogl Auto-Nord Gesellschaft m.b.H.,"Wiener Strasse 306, 8051 Graz",tel:+43316686808,Verkauf Neuwagen,Dacia Finance,Gebrauchtwagen,Werkstatt - Mechanik,Spenglerei,Karosserie Schnellservice,Teilelager Ersatzteile,Technische Überprüfung,Tageswagen,Probefahrt
Ostermann GesmbH,Ostermann GesmbH,"Fürstenweg 93a, 6020 Innsbruck",tel:+43512281741,Dacia Finance,Gebrauchtwagen,Werkstatt - Mechanik,Spenglerei,Teilelager Ersatzteile,Technische Überprüfung
Autohaus Laschkolnig KG,Autohaus Laschkolnig KG,"Umfahrungsstraße 3, 9100 Völkermarkt",tel:+43423251144,Verkauf Neuwagen,Dacia Finance,Gebrauchtwagen,Werkstatt - Mechanik,Spenglerei,Teilelager Ersatzteile,Technische Überprüfung,Tageswagen,Probefahrt
Herbert Sauseng,,,tel:+43423251144,,,,,,,,,
Vogl & Co Autoverkaufsgesellschaft mbH,Vogl & Co Autoverkaufsgesellschaft mbH,"Schießstattgasse 65, 8010 Graz",tel:+433168080,Verkauf Neuwagen,Dacia Finance,Gebrauchtwagen,Werkstatt - Mechanik,Spenglerei,Teilelager Ersatzteile,Technische Überprüfung,Tageswagen,Probefahrt
Vogl Auto West Ges.m.b.H.,Vogl Auto West Ges.m.b.H.,"Weblinger Strasse 28, 8054 Graz",tel:+43316252425,Verkauf Neuwagen,Dacia Finance,Gebrauchtwagen,Werkstatt - Mechanik,Spenglerei,Teilelager Ersatzteile,Technische Überprüfung,Tageswagen,Probefahrt
Christian Ogris KFZ Rep&Hand.GmbH,Christian Ogris KFZ Rep&Hand.GmbH,"Klagenfurter Strasse 42, 9170 Ferlach",tel:+4342273745,Verkauf Neuwagen,Dacia Finance,Gebrauchtwagen,Werkstatt - Mechanik,Spenglerei,Teilelager Ersatzteile,Technische Überprüfung,Tageswagen,Probefahrt
Raiffeisen Lagerhaus GmbH,Raiffeisen Lagerhaus GmbH,"Hofbauerstrasse 4, 2640 Gloggnitz",tel:+43266242850,Verkauf Neuwagen,Dacia Finance,Gebrauchtwagen,Werkstatt - Mechanik,Spenglerei,Teilelager Ersatzteile,Technische Überprüfung,Tageswagen,Probefahrt
Vogl & Co Weiz GmbH,Vogl & Co Weiz GmbH,"Energiestrasse 2, 8160 Weiz",tel:+43317238338,Verkauf Neuwagen,Dacia Finance,Gebrauchtwagen,Werkstatt - Mechanik,Spenglerei,Teilelager Ersatzteile,Technische Überprüfung,Tageswagen,Probefahrt
Autohaus Jurica Inh Karl Zirngast,Autohaus Jurica Inh Karl Zirngast,"Hauptstrasse 12, 3011 Untertullnerbach",tel:+43223352892,Verkauf Neuwagen,Dacia Finance,Gebrauchtwagen,Werkstatt - Mechanik,Spenglerei,Teilelager Ersatzteile,Technische Überprüfung,Tageswagen,Probefahrt
Martin Bauer e.U.,Martin Bauer e.U.,"Höfleinerstrasse 11, 2070 Retz",tel:+4329422561,Verkauf Neuwagen,Dacia Finance,Gebrauchtwagen,Werkstatt - Mechanik,Spenglerei,Teilelager Ersatzteile,Technische Überprüfung,Tageswagen,Probefahrt
HAGER Ges.m.b.H,HAGER Ges.m.b.H,"Gewerbering 3, 2020 Hollabrunn",tel:+4329522372,Verkauf Neuwagen,Dacia Finance,Gebrauchtwagen,Werkstatt - Mechanik,Spenglerei,Teilelager Ersatzteile,Technische Überprüfung,Tageswagen,Probefahrt
Auto Hofer Ges.m.b.H.,Auto Hofer Ges.m.b.H.,"Kampl/Gewerbezone 10, 6167 Neustift",tel:+4352262661,Verkauf Neuwagen,Dacia Finance,Gebrauchtwagen,Werkstatt - Mechanik,Spenglerei,Teilelager Ersatzteile,Technische Überprüfung,Tageswagen,Probefahrt
Kribernegg Autohaus GmbH,Kribernegg Autohaus GmbH,"Mostbauerstraße 6, 8530 Deutschlandsberg",tel:+4334627270,Gebrauchtwagen,Werkstatt - Mechanik,Spenglerei,Teilelager Ersatzteile,Technische Überprüfung
Ing. Bürger Technology GmbH,Ing. Bürger Technology GmbH,"Wienerstrasse 89, 2620 Neunkirchen",tel:+43263562671,Verkauf Neuwagen,Dacia Finance,Gebrauchtwagen,Werkstatt - Mechanik,Spenglerei,Teilelager Ersatzteile,Technische Überprüfung,Tageswagen,Probefahrt
Autohaus LIST GmbH,Autohaus LIST GmbH,"Hauptstrasse 26, 2873 Feistritz/Wechsel",tel:+4326412600,Verkauf Neuwagen,Dacia Finance,Gebrauchtwagen,Werkstatt - Mechanik,Spenglerei,Teilelager Ersatzteile,Technische Überprüfung,Tageswagen,Probefahrt
Autohaus Schmuck,"Autohaus Schmuck,Inh. Claudia Steiner eU","Marktplatz 4, 2544 Leobersdorf",tel:+43225662266,Verkauf Neuwagen,Dacia Finance,Gebrauchtwagen,Werkstatt - Mechanik,Spenglerei,Teilelager Ersatzteile,Technische Überprüfung,Tageswagen,Probefahrt
Ertl - Pronneg GmbH,Ertl - Pronneg GmbH,"Bundesstrasse 40, 8410 Weitendorf",tel:+4331825555,Verkauf Neuwagen,Dacia Finance,Gebrauchtwagen,Werkstatt - Mechanik,Spenglerei,Teilelager Ersatzteile,Technische Überprüfung,Tageswagen,Probefahrt
Pesek GesmbH,Pesek GesmbH,"Wienerstraße 28-30, 2000 Stockerau",tel:+43226664520,Verkauf Neuwagen,Dacia Finance,Gebrauchtwagen,Werkstatt - Mechanik,Spenglerei,Technische Überprüfung,Tageswagen,Probefahrt
Herbert Grundschober Kfz H&S GmbH,Herbert Grundschober Kfz H&S GmbH,"Rudolf Hirsch Straße 3, 2000 Stockerau",tel:+43226663585,Dacia Finance,Gebrauchtwagen,Werkstatt - Mechanik,Spenglerei,Teilelager Ersatzteile,Technische Überprüfung
Autohaus Hofmann GesmbH & CoKG,Autohaus Hofmann GesmbH & CoKG,"Waltersdorfer Strasse 30, 2500 Baden",tel:+43225280280,Verkauf Neuwagen,Dacia Finance,Gebrauchtwagen,Werkstatt - Mechanik,Spenglerei,Teilelager Ersatzteile,Technische Überprüfung,Tageswagen,Probefahrt
Karl Skala GmbH,Karl Skala GmbH,"Vierbatzstrasse 3, 2380 Perchtoldsdorf",tel:+43186693,Verkauf Neuwagen,Dacia Finance,Gebrauchtwagen,Werkstatt - Mechanik,Spenglerei,Teilelager Ersatzteile,Technische Überprüfung,Tageswagen,Probefahrt
AVG AutovertriebsgmbH,AVG AutovertriebsgmbH,"Josef Mohr-Gasse 3, 2700 Wr. Neustadt",tel:+43262224705,Verkauf Neuwagen,Dacia Finance,Gebrauchtwagen,Werkstatt - Mechanik,Spenglerei,Teilelager Ersatzteile,Technische Überprüfung,Tageswagen,Probefahrt
Jesch GmbH,Jesch GmbH,"Hochstrasse 324, 8240 Friedberg",tel:+43333922585,Verkauf Neuwagen,Dacia Finance,Gebrauchtwagen,Werkstatt - Mechanik,Spenglerei,Teilelager Ersatzteile,Technische Überprüfung,Tageswagen,Probefahrt
Sobotka Autobetreuungs GmbH,Sobotka Autobetreuungs GmbH,"Breitenfurterstrasse 142 - 144, 1230 Wien",tel:+4318692540,Verkauf Neuwagen,Dacia Finance,Gebrauchtwagen,Werkstatt - Mechanik,Spenglerei,Teilelager Ersatzteile,Technische Überprüfung,Tageswagen,Probefahrt
Raiffeisen-Lagerhaus Wiener Becken eGen,Raiffeisen-Lagerhaus Wiener Becken eGen,"Klingerstrasse 3, 2353 Guntramsdorf",tel:0223653784,Verkauf Neuwagen,Gebrauchtwagen,Werkstatt - Mechanik,Spenglerei,Teilelager Ersatzteile,Technische Überprüfung,Tageswagen,Probefahrt
Autohaus Josef Mersche,Autohaus Josef Mersche,"Tautenhayngasse 22, 1150 Wien",tel:+4319841760,Verkauf Neuwagen,Dacia Finance,Gebrauchtwagen,Werkstatt - Mechanik,Spenglerei,Teilelager Ersatzteile,Technische Überprüfung,Tageswagen,Probefahrt
Automobile Offroad Reisenhofer GmbH,Automobile Offroad Reisenhofer GmbH,"Raab 190, 8321 St. Margarethen",tel:+43311540740,Verkauf Neuwagen,Gebrauchtwagen,Werkstatt - Mechanik,Spenglerei,Teilelager Ersatzteile,Technische Überprüfung,Tageswagen,Probefahrt
Auto Buchgraber KG,Auto Buchgraber KG,"Landstraße 117, 8261 Sinabelkirchen",tel:+4331182269,Verkauf Neuwagen,Dacia Finance,Gebrauchtwagen,Werkstatt - Mechanik,Spenglerei,Karosserie Schnellservice,Teilelager Ersatzteile,Technische Überprüfung,Tageswagen,Probefahrt
Autohaus Peindl GmbH,Autohaus Peindl GmbH,"Ferdinand Leihs-Strasse 33, 8230 Hartberg",tel:+43333263963,Verkauf Neuwagen,Dacia Finance,Gebrauchtwagen,Werkstatt - Mechanik,Spenglerei,Karosserie Schnellservice,Teilelager Ersatzteile,Technische Überprüfung,Tageswagen,Probefahrt
Autohaus Dvorak GmbH,Autohaus Dvorak GmbH,"Teschnergasse 3, 1180 Wien",tel:+4314054317,Verkauf Neuwagen,Dacia Finance,Gebrauchtwagen,Werkstatt - Mechanik,Spenglerei,Karosserie Schnellservice,Teilelager Ersatzteile,Technische Überprüfung,Tageswagen,Probefahrt
Auto Urbanek e.U.,Auto Urbanek e.U.,"Rembrandtstrasse 32-34, 1020 Wien",tel:+4313304443,Verkauf Neuwagen,Dacia Finance,Gebrauchtwagen,Werkstatt - Mechanik,Spenglerei,Teilelager Ersatzteile,Technische Überprüfung,Tageswagen,Probefahrt
Mario Keller GmbH,Mario Keller GmbH,"Stromstrasse 15-17, 1200 Wien",tel:+4313747410,Verkauf Neuwagen,Dacia Finance,Gebrauchtwagen,Werkstatt - Mechanik,Spenglerei,Teilelager Ersatzteile,Technische Überprüfung,Tageswagen,Probefahrt
Mario Keller GmbH,Mario Keller GmbH,"Stromstrasse 15-17, 1200 Wien",tel:+4313747410,Verkauf Neuwagen,Dacia Finance,Gebrauchtwagen,Werkstatt - Mechanik,Spenglerei,Teilelager Ersatzteile,Technische Überprüfung,Tageswagen,Probefahrt
RCI Banque SA Niederlassung Österreich,RCI Banque SA Niederlassung Österreich,"Laaer Berg Strasse 64, 1101 Wien",
RENAULT NISSAN WIEN H.u.Rep.GmbH,RCI Banque SA Niederlassung Österreich,"Laaer Berg Strasse 64, 1101 Wien",
Ernst Karner GmbH,Ernst Karner GmbH,"Radetzkyplatz 6, 1030 Wien",tel:+4317125572,Verkauf Neuwagen,Dacia Finance,Gebrauchtwagen,Werkstatt - Mechanik,Spenglerei,Teilelager Ersatzteile,Technische Überprüfung,Tageswagen,Probefahrt
Raiffeisen-Lagerhaus GmbH,Raiffeisen-Lagerhaus GmbH,"Sägemühle 2, 2851 Krumbach",tel:+43264742246,Verkauf Neuwagen,Dacia Finance,Gebrauchtwagen,Werkstatt - Mechanik,Spenglerei,Teilelager Ersatzteile,Technische Überprüfung,Tageswagen,Probefahrt
Logistikzentrum Vogl & Co,Logistikzentrum Vogl & Co,"Industriestrasse 12, 8430 Leibnitz",
Thomas Krivanek,,,
Reinhard Lehner GmbH,Reinhard Lehner GmbH,"Nottendorfergasse 15-19, 1030 Wien",tel:004317989191,Verkauf Neuwagen,Dacia Finance,Gebrauchtwagen,Werkstatt - Mechanik,Spenglerei,Teilelager Ersatzteile,Technische Überprüfung,Tageswagen,Probefahrt
Johann Preisler,,,tel:+43262374834,,,,,,,,,
Vogl & Co Leibnitz GmbH,Vogl & Co Leibnitz GmbH,"Grazer Gasse 36, 8430 Leibnitz",tel:+43345284990,Verkauf Neuwagen,Dacia Finance,Gebrauchtwagen,Werkstatt - Mechanik,Spenglerei,Teilelager Ersatzteile,Technische Überprüfung,Tageswagen,Probefahrt
Dvorak & Co GmbH,Dvorak & Co GmbH,"Julius-Ficker-Strasse 79, 1210 Wien",tel:+4312598544,Verkauf Neuwagen,Gebrauchtwagen,Werkstatt - Mechanik,Spenglerei,Karosserie Schnellservice,Teilelager Ersatzteile,Technische Überprüfung,Tageswagen,Probefahrt
Gerhard Franz GmbH,Gerhard Franz GmbH,"Genochplatz 9, 1220 Wien",tel:+4312826171,Verkauf Neuwagen,Dacia Finance,Gebrauchtwagen,Werkstatt - Mechanik,Spenglerei,Teilelager Ersatzteile,Technische Überprüfung,Tageswagen,Probefahrt
Karl Leitner GmbH,Karl Leitner GmbH,"Industriegelände 10, 7212 Forchtenstein",tel:+43262662998,Verkauf Neuwagen,Dacia Finance,Gebrauchtwagen,Werkstatt - Mechanik,Spenglerei,Teilelager Ersatzteile,Technische Überprüfung,Tageswagen,Probefahrt
Czeczil GmbH,Czeczil GmbH,"Kaiserebersdorferstraße 245, 1110 Wien",tel:+4317698228,Verkauf Neuwagen,Dacia Finance,Gebrauchtwagen,Werkstatt - Mechanik,Spenglerei,Teilelager Ersatzteile,Technische Überprüfung,Tageswagen,Probefahrt
Butulla & Zidek GmbH,Butulla & Zidek GmbH,"Wiener Strasse 50, 2320 Schwechat",tel:+4317073817,Verkauf Neuwagen,Dacia Finance,Gebrauchtwagen,Werkstatt - Mechanik,Spenglerei,Teilelager Ersatzteile,Technische Überprüfung,Tageswagen,Probefahrt
Erich Plasch,Erich Plasch,"Hauptplatz 7, 8463 Leutschach",tel:+433454206,Verkauf Neuwagen,Dacia Finance,Gebrauchtwagen,Werkstatt - Mechanik,Spenglerei,Teilelager Ersatzteile,Technische Überprüfung,Tageswagen,Probefahrt
Auto Zehethofer Franz,,,tel:+433454206,,,,,,,,,
Tula-Autoservice e.U.,Tula-Autoservice e.U.,"Hauptplatz 9-11, 2440 Gramatneusiedl",tel:+43223472206,Verkauf Neuwagen,Gebrauchtwagen,Werkstatt - Mechanik,Spenglerei,Teilelager Ersatzteile,Technische Überprüfung,Tageswagen,Probefahrt
Vogl & Co Oberwart GmbH,Vogl & Co Oberwart GmbH,"Eisenstaedterstrasse 41-43, 7400 Oberwart",tel:+433352327000,Verkauf Neuwagen,Dacia Finance,Gebrauchtwagen,Werkstatt - Mechanik,Spenglerei,Teilelager Ersatzteile,Technische Überprüfung,Tageswagen,Probefahrt
RLH Korneuburg und Umgebung eGen,RLH Korneuburg und Umgebung eGen,"Winzerstrasse 3, 2120 Wolkersdorf",tel:+4322452552,Dacia Finance,Gebrauchtwagen,Werkstatt - Mechanik,Spenglerei,Teilelager Ersatzteile,Technische Überprüfung
Horst Himler Ges.m.b.H.,Horst Himler Ges.m.b.H.,"Grazerstraße 23, 8280 FÜRSTENFELD",tel:+4333825415821,Verkauf Neuwagen,Dacia Finance,Gebrauchtwagen,Werkstatt - Mechanik,Spenglerei,Teilelager Ersatzteile,Technische Überprüfung,Tageswagen,Probefahrt
Koinegg Service GmbH,Koinegg Service GmbH,"Ruster Strasse 110, 7000 Eisenstadt",tel:+43268265118,Verkauf Neuwagen,Dacia Finance,Gebrauchtwagen,Werkstatt - Mechanik,Spenglerei,Teilelager Ersatzteile,Technische Überprüfung,Tageswagen,Probefahrt
Josef Koinegg GmbH & Co KG,,,tel:+43268265118,,,,,,,,,
Friedrich Richter,,,tel:+43268265118,,,,,,,,,
Autohaus Josef Schöpf GmbH,Autohaus Josef Schöpf GmbH,"Industriezone 54, 6460 Imst",tel:+43541264526,Verkauf Neuwagen,Dacia Finance,Gebrauchtwagen,Werkstatt - Mechanik,Spenglerei,Teilelager Ersatzteile,Technische Überprüfung,Tageswagen,Probefahrt
Autohaus Polke GmbH,Autohaus Polke GmbH,"Haydngasse 2b, 2130 Mistelbach",tel:+4325722741,Verkauf Neuwagen,Dacia Finance,Gebrauchtwagen,Werkstatt - Mechanik,Spenglerei,Teilelager Ersatzteile,Technische Überprüfung,Tageswagen,Probefahrt
Josef Schmall e.U.,Josef Schmall e.U.,"Wiener Strasse 28-30, 7442 Lockenhaus",tel:+4326162253,Verkauf Neuwagen,Dacia Finance,Gebrauchtwagen,Werkstatt - Mechanik,Spenglerei,Teilelager Ersatzteile,Technische Überprüfung,Tageswagen,Probefahrt
Autohaus Lauer Groß Schweinbarth,Autohaus Lauer Groß Schweinbarth,"Brunnenweg 2, 2221 Groß Schweinbarth",tel:004322892379,Verkauf Neuwagen,Gebrauchtwagen,Werkstatt - Mechanik,Spenglerei,Teilelager Ersatzteile,Technische Überprüfung,Probefahrt
Schmitt GmbH,,,tel:004322892379,,,,,,,
Kleinrath GmbH,Kleinrath GmbH,"Hauptstrasse 70, 7312 Horitschon",tel:+43261042851,Verkauf Neuwagen,Dacia Finance,Gebrauchtwagen,Werkstatt - Mechanik,Spenglerei,Teilelager Ersatzteile,Technische Überprüfung,Tageswagen,Probefahrt
Autohaus Lauer GmbH & CoKG,Autohaus Lauer GmbH & CoKG,"Bodenzeile 1, 2230 Gänserndorf",tel:+4322825080,Verkauf Neuwagen,Dacia Finance,Gebrauchtwagen,Werkstatt - Mechanik,Spenglerei,Teilelager Ersatzteile,Technische Überprüfung,Tageswagen,Probefahrt
Karl Oppitzhauser Ges.m.b.H.,Karl Oppitzhauser Ges.m.b.H.,"Altstadt 68, 2460 Bruck/Leitha",tel:+43216262188,Verkauf Neuwagen,Dacia Finance,Gebrauchtwagen,Werkstatt - Mechanik,Spenglerei,Teilelager Ersatzteile,Technische Überprüfung,Tageswagen,Probefahrt
Autohaus Weber GmbH,Autohaus Weber GmbH,"Wiener Straße 12, 7540 Güssing",tel:+43332242484,Verkauf Neuwagen,Dacia Finance,Gebrauchtwagen,Werkstatt - Mechanik,Spenglerei,Karosserie Schnellservice,Teilelager Ersatzteile,Technische Überprüfung,Tageswagen,Probefahrt
Autohaus Dosenberger GmbH & CoKG,Autohaus Dosenberger GmbH & CoKG,"Stampfle 173, 6500 Landeck",tel:+43544264060,Verkauf Neuwagen,Dacia Finance,Gebrauchtwagen,Werkstatt - Mechanik,Spenglerei,Teilelager Ersatzteile,Technische Überprüfung,Tageswagen,Probefahrt
Wilhelm Majcan e.U.,Wilhelm Majcan e.U.,"Dr. Kamniker-Strasse 5, 8490 Bad Radkersburg",tel:+4334764017,Verkauf Neuwagen,Dacia Finance,Gebrauchtwagen,Werkstatt - Mechanik,Spenglerei,Teilelager Ersatzteile,Technische Überprüfung,Tageswagen,Probefahrt
Herbert Takacs,Herbert Takacs,"Siedlung 2, 2473 Potzneusiedl",tel:+4321452178,Verkauf Neuwagen,Gebrauchtwagen,Werkstatt - Mechanik,Spenglerei,Teilelager Ersatzteile,Technische Überprüfung,Tageswagen,Probefahrt
Andreas Hangl,Andreas Hangl,"Stuben 432, 6542 Pfunds",tel:+4354745273,Gebrauchtwagen,Werkstatt - Mechanik,Spenglerei,Teilelager Ersatzteile,Technische Überprüfung,Tageswagen
Autohaus Berlinger&Primisser GmbH,Autohaus Berlinger&Primisser GmbH,"Hirschau 35, 6882 Schnepfau",tel:+43551820099,Verkauf Neuwagen,Gebrauchtwagen,Werkstatt - Mechanik,Spenglerei,Teilelager Ersatzteile,Technische Überprüfung,Tageswagen,Probefahrt
Auto Rhomberg Gmbh,Auto Rhomberg Gmbh,"Hofsteigstrasse 108b, 6971 Hard",tel:+43557473146,Verkauf Neuwagen,Dacia Finance,Gebrauchtwagen,Werkstatt - Mechanik,Spenglerei,Teilelager Ersatzteile,Technische Überprüfung,Tageswagen,Probefahrt
Autohaus Hagspiel Ges.m.b.H,Autohaus Hagspiel Ges.m.b.H,"Schwanenstrasse 3, 6973 Hoechst",tel:0557875404,Verkauf Neuwagen,Dacia Finance,Gebrauchtwagen,Werkstatt - Mechanik,Spenglerei,Teilelager Ersatzteile,Technische Überprüfung,Tageswagen,Probefahrt
Autohaus Leidinger GmbH&CO KG,Autohaus Leidinger GmbH&CO KG,"Bundesstrasse 14, 6714 Nüziders",tel:+43555265734,Verkauf Neuwagen,Dacia Finance,Gebrauchtwagen,Werkstatt - Mechanik,Spenglerei,Teilelager Ersatzteile,Technische Überprüfung,Tageswagen,Probefahrt
Autohaus Walter Malin GmbH,Autohaus Walter Malin GmbH,"Montfortstrasse 6, 6832 Sulz",tel:+43552244317,Verkauf Neuwagen,Dacia Finance,Gebrauchtwagen,Werkstatt - Mechanik,Spenglerei,Karosserie Schnellservice,Teilelager Ersatzteile,Technische Überprüfung,Tageswagen,Probefahrt
Hochreiter Kfz Gmbh,Hochreiter Kfz Gmbh,"Kirchham 9, 4656 Kirchham",tel:+437619/2555,Verkauf Neuwagen,Dacia Finance,Gebrauchtwagen,Werkstatt - Mechanik,Spenglerei,Teilelager Ersatzteile,Technische Überprüfung,Tageswagen,Probefahrt
Auto-Kriegner GmbH,Auto-Kriegner GmbH,"Industriestrasse 33, 4710 Grieskirchen",tel:+43724868066,Verkauf Neuwagen,Dacia Finance,Gebrauchtwagen,Werkstatt - Mechanik,Spenglerei,Karosserie Schnellservice,Teilelager Ersatzteile,Technische Überprüfung,Tageswagen,Probefahrt
Auto Dichtl e.U.,Auto Dichtl e.U.,"Hueberstrasse 28, 4730 Waizenkirchen",tel:+4372772458,Verkauf Neuwagen,Dacia Finance,Gebrauchtwagen,Werkstatt - Mechanik,Spenglerei,Teilelager Ersatzteile,Technische Überprüfung,Tageswagen,Probefahrt
Auto Kriegner GmbH,Auto Kriegner GmbH,"Weierfing 90, 4971 Aurolzmünster",tel:+43775284282,Verkauf Neuwagen,Dacia Finance,Gebrauchtwagen,Werkstatt - Mechanik,Spenglerei,Teilelager Ersatzteile,Technische Überprüfung,Tageswagen,Probefahrt
Stempfer GmbH,Stempfer GmbH,"Bad Höring 25, 4780 Schärding",tel:+4377122141,Verkauf Neuwagen,Dacia Finance,Gebrauchtwagen,Werkstatt - Mechanik,Spenglerei,Teilelager Ersatzteile,Technische Überprüfung,Tageswagen,Probefahrt
Autohaus Gerlach GmbH,Autohaus Gerlach GmbH,"Salzburger Strasse 31, 5204 Straßwalchen",tel:+4362158466,Verkauf Neuwagen,Dacia Finance,Gebrauchtwagen,Werkstatt - Mechanik,Spenglerei,Teilelager Ersatzteile,Technische Überprüfung,Tageswagen,Probefahrt
Werner Landerdinger,Werner Landerdinger,"Obermarkt 2, 5270 Mauerkirchen",tel:+4377242245,Verkauf Neuwagen,Dacia Finance,Gebrauchtwagen,Werkstatt - Mechanik,Spenglerei,Teilelager Ersatzteile,Technische Überprüfung,Tageswagen,Probefahrt
Walter Wesely Ges.m.b.H,Walter Wesely Ges.m.b.H,"Dr. W. Steingötter-Strasse 10-12, 3107 St. Pölten",tel:+432742369000,Verkauf Neuwagen,Gebrauchtwagen,Werkstatt - Mechanik,Spenglerei,Teilelager Ersatzteile,Technische Überprüfung,Probefahrt
Herbert Sauseng,Herbert Sauseng,"Weizerstrasse 4, 8044 Weinitzen",tel:+4331323383,Verkauf Neuwagen,Dacia Finance,Gebrauchtwagen,Werkstatt - Mechanik,Spenglerei,Teilelager Ersatzteile,Technische Überprüfung,Tageswagen,Probefahrt
Thomas Krivanek,Thomas Krivanek,"Nr. 166, 2064 Wulzeshofen",tel:+432527234,Verkauf Neuwagen,Dacia Finance,Gebrauchtwagen,Werkstatt - Mechanik,Spenglerei,Teilelager Ersatzteile,Technische Überprüfung,Tageswagen,Probefahrt
Johann Preisler,Johann Pfeifer,"Nr. 270, 8152 Stallhofen",tel:+43314225657,Dacia Finance,Gebrauchtwagen,Werkstatt - Mechanik,Spenglerei,Teilelager Ersatzteile,Technische Überprüfung,Tageswagen
Auto Zehethofer Franz,Auto Zehethofer Franz,"Nr. 97a, 8333 Riegersburg",tel:+4331538281,Verkauf Neuwagen,Dacia Finance,Gebrauchtwagen,Werkstatt - Mechanik,Spenglerei,Teilelager Ersatzteile,Technische Überprüfung,Tageswagen,Probefahrt
Josef Koinegg GmbH & Co KG,Josef Koinegg GmbH & Co KG,"Ruster Strasse 110, 7000 Eisenstadt",tel:+43268265118,Verkauf Neuwagen,Dacia Finance,Gebrauchtwagen,Werkstatt - Mechanik,Spenglerei,Teilelager Ersatzteile,Technische Überprüfung,Tageswagen,Probefahrt
Friedrich Richter,Friedrich Richter,"Wiener Strasse 38, 2401 Fischamend",tel:+43223276251,Verkauf Neuwagen,Dacia Finance,Gebrauchtwagen,Werkstatt - Mechanik,Spenglerei,Teilelager Ersatzteile,Technische Überprüfung,Tageswagen,Probefahrt
Schmitt GmbH,Schmitt GmbH,"Hauptstrasse 37, 2454 Trautmannsdorf/Leitha",tel:+4321692407,Verkauf Neuwagen,Dacia Finance,Gebrauchtwagen,Werkstatt - Mechanik,Spenglerei,Teilelager Ersatzteile,Technische Überprüfung,Tageswagen,Probefahrt
